usage_id,feature_id,user_id,usage_time
1,10,101,09:20:00.0000000
2,1,101,10:15:00.0000000
3,11,101,10:40:00.0000000
4,10,108,08:45:00.0000000
5,3,108,09:10:00.0000000
6,1,109,10:00:00.0000000
7,10,109,10:45:00.0000000
8,1,112,07:30:00.0000000
9,2,112,08:20:00.0000000
10,10,114,09:00:00.0000000
11,11,114,09:30:00.0000000
12,5,106,10:05:00.0000000
13,7,110,09:03:00.0000000
14,8,111,08:02:00.0000000
15,2,113,12:02:00.0000000
16,5,116,09:03:00.0000000
17,7,117,11:05:00.0000000
